epoch,phase,train_loss,train_semantic_loss,train_manual_affinity_loss,train_pseudo_affinity_loss,semantic_iou_pearlite,semantic_iou_ferrite,semantic_miou,val_objective_loss,val_semantic_loss,val_manual_affinity_loss,phase_loss_best,deployment_score_total,deployment_instance_miou,deployment_ferrite_area_error,deployment_macro_score,deployment_pred_count,deployment_valid_matches,appearance_aug_probability,lr_semantic,lr_affinity
1,head_warmup,1.1137411948293447,0.9657766601303592,0.6860680235549808,0.0,0.8589580617333142,0.9467985942613597,0.9028783279973369,0.9956453442573547,0.21646144365270933,0.6708191335201263,1,0.0,0.0,122.92098543501227,0.0,6,0,0.0,9.99321619703514e-05,4.996642360148706e-05
2,head_warmup,0.9791647465899587,0.5371701923431829,0.6308915931731462,0.0,0.8423518413574298,0.9458415564690689,0.8940966989132493,0.881064643462499,0.24710145716865858,0.5886825621128082,1,37.91529070396345,0.758305814079269,5.04413873601739,37.82245249901181,266,145,0.0,9.972883382072952e-05,4.98657864365227e-05
3,head_warmup,0.8392187524586916,0.24227817420614883,0.5601088535040617,0.0,0.8659271400689379,0.9493105638638736,0.9076188519664057,0.8135573863983154,0.17915592839320502,0.5479339758555094,1,55.28953203452937,0.7702998557165173,0.6645092150259297,54.244960978587464,694,434,0.0,9.939057285945931e-05,4.9698364344580884e-05
4,head_warmup,0.7807871010154486,0.19237034698016942,0.5240471353754401,0.0,0.8576746913225581,0.9427062530116016,0.9001904721670799,0.7534810801347097,0.1796301268041134,0.5062543501456579,1,83.70445880242153,0.7975943663457531,0.12350519029732263,77.7867074686608,940,567,0.0,9.891830623632337e-05,4.946461621797825e-05
5,head_warmup,0.756515022367239,0.2678488807287067,0.5005160444416106,0.0,0.8945480098776185,0.9629638534463105,0.9287559316619645,0.7351628839969635,0.14165287340680757,0.496933917204539,1,89.23692821870193,0.7942440648477798,0.009505500473741173,83.05614070590048,1023,610,0.0,9.831332840130886e-05,4.916518274408218e-05
6,head_warmup,0.7258190782740712,0.1461946428171359,0.4900542632676661,0.0,0.9060173491954245,0.9653469102337828,0.9356821297146036,0.7122054100036621,0.1062145996838808,0.48417244851589203,1,89.01945203004134,0.7979456132355374,0.017556572634710672,83.40082107426684,1028,603,0.0,9.75772975566101e-05,4.880088464923128e-05
7,head_warmup,0.6987734623253345,0.10397713107522577,0.47506194841116667,0.0,0.8986070928255808,0.9646827937259133,0.931644943275747,0.6925007800261179,0.1254345184812943,0.46880732476711273,1,86.80303424521426,0.8026613627806307,0.06660067787634526,84.21632052846205,1052,634,0.0,9.671223111161148e-05,4.837272044918145e-05
8,head_warmup,0.6846520407125354,0.10121469164732844,0.46552025247365236,0.0,0.9095373483656602,0.9681598684736984,0.9388486084196793,0.6722004115581512,0.10685729359587033,0.45638878643512726,1,86.60087874958336,0.8014372495227517,0.06941967453108479,83.95942874288245,1058,655,0.0,9.572050015330873e-05,4.7881863712243726e-05
9,head_warmup,0.6616770215332508,0.09499581146519631,0.4501495468430221,0.0,0.8871389922661714,0.956768889098899,0.9219539406825352,0.6881954570611318,0.12220847606658936,0.4661101351181666,0,84.95295726081693,0.7781685479434611,0.07910940272712236,82.8999297084538,1083,661,0.0,9.46048229473242e-05,4.7329659842615016e-05
10,head_warmup,0.6582590956240892,0.17506343923741952,0.4406640944071114,0.0,0.9098918473576181,0.9665151097300733,0.9382034785438457,0.6417380174001058,0.10242036605874698,0.4356703708569209,1,83.92708805579545,0.7968657381094782,0.11832397699356907,83.4498487300758,1103,680,0.0,9.336825748732971e-05,4.671762239271876e-05
11,head_warmup,0.6269550807774067,0.1018931963481009,0.425471527967602,0.0,0.9234741344221836,0.9720744363417211,0.9477742853819524,0.5970559020837148,0.08685615410407384,0.4060856103897095,1,84.0867505949718,0.8142342375601916,0.1324992256607556,84.92354027987432,1103,707,0.0,9.201419311329847e-05,4.6047428914662896e-05
12,head_warmup,0.6116647217422724,0.09308446635259315,0.4156570699997246,0.0,0.9160960540784108,0.9692416094675811,0.9426688317729959,0.5956003169218699,0.09370810724794865,0.40446778138478595,1,83.51287786475376,0.8021985591110491,0.13194100181597418,84.11619951263746,1110,717,0.0,9.054634122155987e-05,4.532091636218622e-05
13,head_warmup,0.596688530407846,0.08049537270562723,0.40639636293053627,0.0,0.9159552943601084,0.9699227654923396,0.9429390299262239,0.59423828125,0.09497134077052276,0.40341151257356006,1,80.68977385693464,0.796021656770129,0.18222617963143622,81.52251009692638,1149,725,0.0,8.896872509212005e-05,4.4540076055695796e-05
14,head_warmup,0.5727277444675565,0.07639088341966271,0.3901545158587396,0.0,0.9099346963945166,0.9677254254092744,0.9388300609018956,0.5769713322321574,0.1052972034861644,0.39052638908227283,1,80.8865866023417,0.7975111407748874,0.17977940872805354,81.75203829530524,1177,742,0.0,8.7285668861131e-05,4.370704822419617e-05
15,head_warmup,0.5583203667774796,0.07647755387006328,0.38016139389947057,0.0,0.9123763746037268,0.9672339830505718,0.9398051788271493,0.5480450292428335,0.0918299276381731,0.3716752578814824,1,80.4881540353464,0.8104873571769092,0.2007242764699812,81.13746261202067,1206,765,0.0,8.550178566873408e-05,4.282411613907042e-05
16,head_warmup,0.5484196916222572,0.07890614907955751,0.3730836068280041,0.0,0.918801750428378,0.9708601755635,0.944830962995939,0.5388056387503942,0.09110956887404124,0.36533566812674206,1,78.92550888984555,0.8128126919574248,0.23430251416051392,79.51892821373241,1224,764,0.0,8.362196501476347e-05,4.189369985579203e-05
17,head_warmup,0.5357153643853962,0.08857853739755228,0.3634188291616738,0.0,0.9225100848433876,0.9719290031872927,0.9472195440153401,0.5182784597078959,0.0855259175101916,0.35160504281520844,1,79.03723329745392,0.8127379074671639,0.2319932415180855,79.6559055608054,1238,775,0.0,8.165135935696695e-05,4.091834958072102e-05
18,head_warmup,0.5275345738045871,0.07821348734432831,0.35867018112912774,0.0,0.9227940582086029,0.9718691221577973,0.9473315901832001,0.5252190430959066,0.0832717592517535,0.35661575694878894,0,78.21175356992008,0.8090675498005581,0.24483247840215663,78.78095108653055,1238,779,0.0,7.959536998847741e-05,3.990073868116559e-05
19,head_warmup,0.5150783476419747,0.07581873913295567,0.350249910261482,0.0,0.9169314442494516,0.9698341388884808,0.9433827915689662,0.5104800909757614,0.08816238554815452,0.34596583247184753,1,78.04049363294581,0.8093559568650391,0.24854608420612276,78.49655516288719,1291,786,0.0,7.745963223324383e-05,3.884365635786816e-05
20,head_warmup,0.5043749627657235,0.07334849878679961,0.34305120492354035,0.0,0.9175865391428714,0.9703273936509472,0.9439569663969093,0.506567046046257,0.08904147210220496,0.3431756595770518,1,76.21363633922871,0.8138689737670324,0.2895962469824582,76.72525167371002,1301,801,0.0,7.524999999999999e-05,3.7749999999999996e-05
21,head_warmup,0.5046334988437593,0.08259498229017481,0.34240854158997536,0.0,0.9185381808300012,0.9703847233840486,0.9444614521070249,0.4962667276461919,0.08613036759197712,0.3362954904635747,1,77.84398964125106,0.8089618581404441,0.25208206531542277,78.08622354668053,1300,792,0.0,7.297252973710755e-05,3.6622767243618894e-05
22,head_warmup,0.498061855789274,0.08170914609218016,0.33793262438848615,0.0,0.9194930386402874,0.9712986886792784,0.9453958636597829,0.5007429122924805,0.09009586398800214,0.3390453706185023,0,77.29803517503802,0.8033089790043348,0.2573482755035742,77.76685254293028,1285,790,0.0,7.06334638322521e-05,3.546504775535711e-05
23,head_warmup,0.48064563143998384,0.07231527840485796,0.32669679122045636,0.0,0.9283669246251098,0.9739136846607039,0.9511403046429069,0.4587213446696599,0.07753066904842854,0.3110380172729492,1,79.62122515220986,0.826531627966427,0.2341071249222298,79.82583695588345,1283,771,0.0,6.823921350249236e-05,3.4280014763859864e-05
24,head_warmup,0.47536336118355393,0.06717397755710408,0.3234927402809262,0.0,0.9227727921326493,0.9718231303540781,0.9472979612433636,0.4664553652207057,0.0847425324221452,0.31575728952884674,0,77.45692094728538,0.8260476927957288,0.2769092738500212,77.75380103595326,1322,796,0.0,6.579634122155988e-05,3.307091636218621e-05
25,head_warmup,0.46674191765487194,0.0650969454436563,0.31770202703773975,0.0,0.9269063877575516,0.9739217282266758,0.9504140579921136,0.451459343234698,0.08729755133390427,0.3051367998123169,1,77.52550107916058,0.8305747799446768,0.28006475836146527,77.89577777917145,1299,790,0.0,6.331154273257476e-05,3.184106660501176e-05
26,head_warmup,0.4702549618668854,0.07487749395659193,0.3192675239406526,0.0,0.9168571772349897,0.9705373948113504,0.94369728602317,0.47958866755167645,0.09384281560778618,0.32405082881450653,0,76.10115401562373,0.8104317312692936,0.28840865095681906,76.36527125624427,1318,789,0.0,6.079162869547906e-05,3.05938364250351e-05
27,head_warmup,0.4508161395788193,0.05882614350412041,0.30722160264849663,0.0,0.9215178415281079,0.971478231087148,0.946498036307628,0.46599867939949036,0.08190889656543732,0.31569263339042664,0,77.89970730262347,0.8144737468514183,0.2564796007989488,78.19277415336695,1303,786,0.0,5.824350601949141e-05,2.9332644393485657e-05
28,head_warmup,0.4595197634771466,0.07055076997494325,0.31221177615225315,0.0,0.9217291984218591,0.9713020441494763,0.9465156212856677,0.4597376237312953,0.0823806958893935,0.31131129960219067,0,78.44597078275731,0.8190567871196467,0.25013737146450044,78.70572280325592,1284,770,0.0,5.567415893174883e-05,2.806094735005751e-05
29,head_warmup,0.4455794100649655,0.060396282467991114,0.3034525904804468,0.0,0.9197930321927235,0.9712069585797845,0.945499995386254,0.4530024031798045,0.08884107321500778,0.30606907109419507,0,76.9781074233474,0.8189838631629024,0.2794217146959545,77.2014263191801,1306,795,0.0,5.3090629834025695e-05,2.678223092795212e-05
30,head_warmup,0.4469236312434077,0.06451421714155003,0.3040182264521718,0.0,0.9276573859518555,0.9737732432235002,0.9507153145876779,0.4347732812166214,0.08119770387808482,0.29411424696445465,1,77.26552871542714,0.8282922147709812,0.28298164046243834,77.66461553442213,1322,801,0.0,5.0499999999999994e-05,2.5500000000000007e-05
31,head_warmup,0.43943333998322487,0.06556493451353163,0.29873349145054817,0.0,0.9259334053330985,0.9729558023271248,0.9494446038301116,0.4303280860185623,0.08141214710970719,0.29101431866486865,1,77.51397529475946,0.8274575054960452,0.2771779996008561,77.8109059828338,1306,803,0.0,4.7909370165974273e-05,2.4217769072047883e-05
32,head_warmup,0.4297349927946925,0.05921131023205817,0.2925765155814588,0.0,0.9240072821082194,0.9726613781943029,0.9483343301512611,0.4444825251897176,0.08751896272102992,0.3002816438674927,0,76.11728645546333,0.8223914791663328,0.30004575005706624,76.4079229235511,1317,798,0.0,4.532584106825115e-05,2.2939052649942496e-05
33,head_warmup,0.427984188310802,0.056289552128873765,0.291622765827924,0.0,0.9212758636045293,0.9713931479011707,0.94633450575285,0.4393071432908376,0.0859257144232591,0.29683632651964825,0,77.27380674349732,0.8218595430999122,0.2763834082299657,77.48475824833196,1305,794,0.0,4.275649398050856e-05,2.1667355606514346e-05
34,head_warmup,0.4347483804449439,0.06791111396159977,0.2952779224142432,0.0,0.9253037047502717,0.9733352960288258,0.9493195003895487,0.4263706256945928,0.08568347555895646,0.28789184987545013,1,77.09716131529471,0.8257346936833946,0.28379146737750033,77.41888449472076,1300,789,0.0,4.02083713045209e-05,2.0406163574964897e-05
35,head_warmup,0.42441062815487385,0.05948707339121029,0.2888618109282106,0.0,0.9273653718973979,0.9737120240139948,0.9505386979556963,0.4178076187769572,0.08140155362586181,0.28233761588732403,1,77.75579028278105,0.8324077744651079,0.27729196880948687,78.05250968873675,1298,795,0.0,3.768845726742522e-05,1.915893339498825e-05
36,head_warmup,0.4279927872121334,0.060532264527864754,0.2912516265641898,0.0,0.9221386464003286,0.9722446356821045,0.9471916410412166,0.4278227041165034,0.0899576439211766,0.288518359263738,0,76.71460721989882,0.8269838520172745,0.29269170761929786,77.02935801685918,1310,803,0.0,3.52036587784401e-05,1.7929083637813794e-05
37,head_warmup,0.430993415415287,0.06409990356769413,0.29301419015973806,0.0,0.9247526397581294,0.97283840784254,0.9487955238003347,0.4246743321418762,0.08487344719469547,0.2867881953716278,0,76.48491601450958,0.8266993558869354,0.29700103559674385,76.77513722990695,1323,807,0.0,3.276078649750763e-05,1.671998523614015e-05
38,head_warmup,0.42157799610868096,0.06427898752735928,0.2864726660773158,0.0,0.9198330123064772,0.9707037813362659,0.9452683968213715,0.4353930900494258,0.0865382229288419,0.29406915108362836,0,76.8452825860962,0.8220405598513107,0.2851349081293867,77.02837902470716,1328,805,0.0,3.0366536167747892e-05,1.5534952244642903e-05
39,head_warmup,0.4228346603922546,0.06296638847561553,0.2874602924566716,0.0,0.9250471177334455,0.9725815311506729,0.9488143244420593,0.41315392156442005,0.08218746321896712,0.2790423979361852,1,77.28762890860534,0.8317145695621802,0.28596199139007306,77.47573996009095,1315,804,0.0,2.802747026289243e-05,1.4377232756381109e-05
40,head_warmup,0.4193588485941291,0.06012906885007396,0.28530347952619195,0.0,0.9226289551327703,0.9720671376015233,0.9473480463671469,0.43212221562862396,0.08698245758811633,0.29176269471645355,0,77.8078920262211,0.8254467128381304,0.2692888723137085,78.08278657699054,1291,793,0.0,2.5750000000000006e-05,1.3250000000000009e-05
41,head_warmup,0.42108458233997226,0.06203541695140302,0.28633010596968234,0.0,0.9234464644233206,0.9722751186419141,0.9478607915326174,0.42433486382166546,0.08598989124099414,0.2864536792039871,0,75.81249605344593,0.8263590800708002,0.3101091590018818,76.1456938331897,1348,809,0.0,2.354036776675617e-05,1.2156343642131847e-05
42,head_warmup,0.42466279910877347,0.06483985809609294,0.28856081957928836,0.0,0.9254887471478946,0.9729091895175415,0.949198968332718,0.42038169006506604,0.08241772651672363,0.28403132657210034,0,76.93791994248589,0.8289516210915608,0.2901932222418431,77.13400375917017,1312,807,0.0,2.1404630011522583e-05,1.1099261318834413e-05
43,head_warmup,0.42754686577245593,0.07060443318914622,0.29004733241163194,0.0,0.9238552921237954,0.9726426876593076,0.9482489898915515,0.4286363323529561,0.08901746881504853,0.2891658345858256,0,76.95767186237993,0.8250189328052364,0.2858654955576381,77.29157777596684,1313,799,0.0,1.9348640643033054e-05,1.0081650419278988e-05
44,head_warmup,0.40767601784318686,0.05776191863697022,0.27741677896119654,0.0,0.9278947385629464,0.974066791982234,0.9509807652725901,0.40949152410030365,0.08221974534293015,0.2765012060602506,1,78.01131913548856,0.8329706012755291,0.2727442185657578,78.29018542405494,1298,795,0.0,1.7378034985236535e-05,9.106300144207984e-06
45,head_warmup,0.4091173862107098,0.05804968497250229,0.27839017985388637,0.0,0.925821782049215,0.9732070636805426,0.9495144228648787,0.41346222658952075,0.08356761808196704,0.2791334018111229,0,77.12244102273814,0.8306386874341047,0.28818986697934196,77.35169375928055,1317,804,0.0,1.54982143312659e-05,8.17588386092959e-06
46,head_warmup,0.4130847444757819,0.058869844826404005,0.281066965078935,0.0,0.9253456723271882,0.9729834621208243,0.9491645672240063,0.4155871917804082,0.08291949704289436,0.2806637684504191,0,77.81375712017885,0.8279774031204871,0.27170226071690984,77.9704375767057,1287,796,0.0,1.3714331138868995e-05,7.292951775803848e-06
47,head_warmup,0.4050860623829067,0.053489795012865216,0.2760014561936259,0.0,0.9249260708592123,0.9730156949289737,0.948970882894093,0.42279601593812305,0.08577423418561618,0.2854063039024671,0,77.63039758203423,0.8263732093660299,0.2737652577253452,77.7922361626968,1293,809,0.0,1.203127490787994e-05,6.459923944304215e-06
48,head_warmup,0.4014464393258095,0.054629393736831844,0.2733776250388473,0.0,0.9257268296337069,0.9731696061034161,0.9494482178685615,0.4085081070661545,0.08421466561655204,0.2756423056125641,1,77.73524901730568,0.8333662677025903,0.27866128735647666,77.79807277205754,1301,799,0.0,1.0453658778440105e-05,5.679083637813791e-06
49,head_warmup,0.41250411234796047,0.06096660014009103,0.2804781801532954,0.0,0.9240107244741983,0.9727086549171275,0.948359689695663,0.42169373234113056,0.08657840018471082,0.2845708678166072,0,77.11827010931933,0.827316983795819,0.2849515816094324,77.4366453546893,1296,798,0.0,8.985806886701514e-06,4.952571085337114e-06
50,head_warmup,0.41636710660532117,0.06411591055803001,0.28287561424076557,0.0,0.9276268604471846,0.973910869466108,0.9507688649566464,0.40924348930517834,0.08184572495520115,0.27636253585418064,0,77.17899644542658,0.8294876621524576,0.2859077332439261,77.42191833871736,1312,803,0.0,7.631742512670283e-06,4.282377607281252e-06
51,head_warmup,0.4056500871665776,0.05601674586068839,0.2761677638627589,0.0,0.9258100695364914,0.9732619377635627,0.9495360036500271,0.41436667740345,0.08332441374659538,0.27978187799453735,0,76.38049971631149,0.8279095933600178,0.3002995990337879,76.67621279016089,1329,810,0.0,6.395177052675794e-06,3.6703401573849893e-06
52,head_warmup,0.41265849163755774,0.0608288241783157,0.28059742180630565,0.0,0.9236902708863007,0.9724714995164329,0.9480808852013668,0.41904472808043164,0.08540899803241093,0.2828388437628746,0,76.52623211739434,0.8264300129817382,0.2959053706338515,76.7650300390978,1318,800,0.0,5.2794998466912506e-06,3.1181362877562766e-06
53,head_warmup,0.40943143842741847,0.059669191075954586,0.27846389543265104,0.0,0.9230441890832692,0.9720590027033978,0.9475515958933336,0.4232248514890671,0.08431669635077317,0.28583307067553204,0,77.34000562001341,0.8265167886129244,0.27971667621265606,77.50896207778973,1304,801,0.0,4.2877688883885125e-06,2.6272795508185578e-06
54,head_warmup,0.412833736743778,0.06143348338082433,0.28066513570956886,0.0,0.9237795758214475,0.9725229553234314,0.9481512655724395,0.4220248262087504,0.08528718662758668,0.28491510450839996,0,76.18999627305081,0.8254672023471069,0.3016672768860905,76.47842943185238,1320,800,0.0,3.4227024433898994e-06,2.199115350768739e-06
55,head_warmup,0.40592107828706503,0.05667348037241027,0.27629721467383206,0.0,0.9233415213397371,0.9723539120018123,0.9478477166707747,0.4225407938162486,0.0860375463962555,0.28520601987838745,0,77.15577556294987,0.8261916548437331,0.28307614358473576,77.36520080667302,1307,806,0.0,2.686671598691118e-06,1.8348172559178267e-06
56,head_warmup,0.40610992163419724,0.06036430277163163,0.2761000501923263,0.0,0.9249393647330459,0.9729140789108126,0.9489267218219293,0.4164906193812688,0.08455644485851128,0.2811444277564685,0,77.72471326001121,0.8284092284499626,0.2739149632497384,77.92360623521547,1296,796,0.0,2.0816937636766182e-06,1.535383782021761e-06
57,head_warmup,0.4020592370070517,0.056688164186198264,0.27361935493536294,0.0,0.9256458037658072,0.9732444439481768,0.949445123856992,0.41353222727775574,0.08477943576872349,0.27907420694828033,0,77.06526438960717,0.829831687782751,0.2885263999906077,77.33827789003112,1309,800,0.0,1.6094271405406857e-06,1.3016356554191274e-06
58,head_warmup,0.398641103412956,0.05507783894427121,0.271393456030637,0.0,0.9259844035971111,0.9733357437545839,0.9496600736758475,0.41301533579826355,0.08405317055682342,0.2787805174787839,0,77.38205282215486,0.82929077161516,0.2816497151720625,77.65969415137279,1300,794,0.0,1.2711661792704665e-06,1.1342135634773016e-06
59,head_warmup,0.4089643321931362,0.05955752398585901,0.2781500823330134,0.0,0.9253601058230327,0.9730090619936386,0.9491845839083357,0.4134741673866908,0.08319947496056557,0.27917440235614777,0,77.78343396218634,0.8298028707142869,0.2741341914705601,78.04658140849047,1299,802,0.0,1.0678380296485951e-06,1.033576398512941e-06
60,head_warmup,0.42068149894475937,0.06159108167048544,0.28609023056924343,0.0,0.9254018139203098,0.973099749412336,0.9492507816663229,0.4146423488855362,0.08393810068567593,0.2799183924992879,0,76.97483476979352,0.829952793205222,0.2904560978093518,77.22376927405112,1310,803,0.0,1e-06,1e-06
61,joint_lora,0.4061352382414043,0.05881239619338885,0.27625553077086806,0.0,0.924285096922503,0.9729881432378469,0.948636620080175,0.4202434917291005,0.09083786979317665,0.2831871484716733,1,76.49561247369013,0.826968319490824,0.2970560700170212,76.7001678631462,1313,804,0.0,1.9986980580168453e-05,9.993832906395583e-06,1.9993147673772866e-06
62,joint_lora,0.4137877067551017,0.06262351426994428,0.28122053830884397,0.0,0.9249453048476148,0.9728940869823985,0.9489196959150067,0.4174951861302058,0.08532618669172128,0.28177224347988766,1,76.6902148273332,0.8286972371183232,0.29489294057165916,76.84448861749827,1334,813,0.0,1.9947958005998597e-05,9.97534852915723e-06,1.9972609476841365e-06
63,joint_lora,0.41064064484089613,0.05990134400781244,0.27928133541718125,0.0,0.9251652239884629,0.9731174711621539,0.9491413475753083,0.41244976222515106,0.08586367343862851,0.2782276098926862,1,77.41519230579661,0.828801465510413,0.2804976193944807,77.63887906948628,1302,802,0.0,1.988303923565381e-05,9.94459753267812e-06,1.993844170297569e-06
64,joint_lora,0.40445921616628766,0.058860765129793435,0.2750896194484085,0.0,0.9252908115730777,0.973180695409704,0.9492357534913909,0.4125673621892929,0.08559855508307616,0.2783326804637909,0,76.50036200688349,0.8290199054002815,0.29901266526261167,76.75560344120682,1308,807,0.0,1.9792402206971158e-05,9.901664203302126e-06,1.989073800366903e-06
65,joint_lora,0.39747665962204337,0.0532907732995227,0.27074524387717247,0.0,0.9235611116078323,0.972344468143734,0.9479527898757831,0.4102797359228134,0.0850509808709224,0.2767958492040634,1,77.6009507936788,0.8319583964832352,0.27993938060965906,77.86513701683688,1296,802,0.0,1.967629534974615e-05,9.846666218300808e-06,1.9829629131445343e-06
66,joint_lora,0.4002928244881332,0.05759088339982554,0.27231486001983285,0.0,0.9216984735126095,0.9712765794282924,0.9464875264704509,0.41498252749443054,0.08357723553975423,0.2801862359046936,0,77.24677326626785,0.8290889284402104,0.28415346311485334,77.46849276351094,1311,806,0.0,1.9535036904803962e-05,9.779754323328192e-06,1.975528258147577e-06
67,joint_lora,0.4051464316435158,0.059688125795219094,0.2754923733882606,0.0,0.9238296417494932,0.9724933182982797,0.9481614800238864,0.4134397010008494,0.08469367648164432,0.279017706712087,0,76.60135099628718,0.8314024157356821,0.29937539580993855,76.75508784078886,1328,817,0.0,1.936901405172342e-05,9.701111919237408e-06,1.966790213248601e-06
68,joint_lora,0.4021903946995735,0.05859540496021509,0.2735407371073961,0.0,0.9239276068485992,0.9725264113153933,0.9482270090819962,0.41028814514478046,0.08586527158816655,0.2767293055852254,0,76.125751810776,0.8295926132861138,0.3070775770705937,76.39058335574406,1334,818,0.0,1.917868184760471e-05,9.610954559391704e-06,1.9567727288213007e-06
69,joint_lora,0.4017149652354419,0.06092424888629466,0.27300423732958734,0.0,0.9246014218451624,0.973271544669762,0.9489364832574622,0.4002208312352498,0.09357529692351818,0.26906660199165344,1,75.84993755082269,0.8346692332517676,0.31767048223531363,76.0050930715574,1334,808,0.0,1.8964561979789496e-05,9.509529358847657e-06,1.945503262094184e-06
70,joint_lora,0.3991436683572829,0.0556174804805778,0.2716938063967973,0.0,0.9239109262848294,0.9724120376773298,0.9481614819810795,0.4096135397752126,0.08549538441002369,0.2762946238120397,0,76.86234702886941,0.82906720369116,0.29182026311377174,77.15462936299367,1328,811,0.0,1.872724133595217e-05,9.397114317029977e-06,1.93301270189222e-06
71,joint_lora,0.4014388034120202,0.05947804369498044,0.272941374219954,0.0,0.9264977820489627,0.9736285476141108,0.9500631648315367,0.4014577766259511,0.08589706011116505,0.27060635139544803,0,77.08044028119305,0.8346708898393098,0.2930620842154488,77.30973497524731,1309,813,0.0,1.846737039548153e-05,9.27401755575441e-06,1.9193352839727125e-06
72,joint_lora,0.4012416386976838,0.06037101271795109,0.2727253567427397,0.0,0.927895020105266,0.9738789947546527,0.9508870074299594,0.39457295338312787,0.08171357152362664,0.26620647062857944,1,77.71868884149492,0.8367859112271087,0.2824121343972103,77.95932431564262,1304,804,0.0,1.8185661446562e-05,9.140576474687265e-06,1.9045084971874742e-06
73,joint_lora,0.395980890840292,0.05843657732475549,0.2692511915229261,0.0,0.927591987164316,0.9739055884874482,0.9507487878258821,0.3927054355541865,0.08298450956741969,0.2647991826136907,1,76.83607659114591,0.8384437958710517,0.3017222640481335,77.07880569611582,1323,820,0.0,1.7882886633841225e-05,8.99715682655637e-06,1.8885729807284859e-06
74,joint_lora,0.39829625515267253,0.059537592460401356,0.2707580553833395,0.0,0.921844090173386,0.9717840636541935,0.9468140769137897,0.4061613231897354,0.0875517235447963,0.2737192064523697,0,76.18850578500427,0.8298412039976217,0.3060710882975365,76.43983732756071,1327,807,0.0,1.7559875842035246e-05,8.844151714648274e-06,1.8715724127386975e-06
75,joint_lora,0.39225145848467946,0.057824090705253184,0.2667208486236632,0.0,0.924781613246974,0.9729130237916772,0.9488473185193256,0.4025142540534337,0.08644176709155242,0.27129016071558,0,76.9581997222713,0.8302681125035375,0.2911041180581116,77.19452261276821,1316,805,0.0,1.7217514421272203e-05,8.681980515339464e-06,1.8535533905932742e-06
76,joint_lora,0.40453920513391495,0.06302274530753493,0.27477513160556555,0.0,0.9230658695468628,0.9721256620394256,0.9475957657931442,0.4051462362209956,0.0874245756616195,0.2730269655585289,0,76.13667312437633,0.8294790417924225,0.3067455793048957,76.40446387730924,1323,815,0.0,1.6856740760409155e-05,8.511087728614861e-06,1.8345653031794295e-06
77,joint_lora,0.3950847163796425,0.057840509223751724,0.26868305495008826,0.0,0.9250842978891514,0.9731802643740556,0.9491322811316034,0.39994876583417255,0.08920312610765298,0.26926664511362713,0,77.0399671249993,0.8355307346827267,0.29473139218274075,77.25124330089348,1308,808,0.0,1.647854371497346e-05,8.331941759724268e-06,1.8146601955249193e-06
78,joint_lora,0.39898715540766716,0.06161778362002224,0.27105201105587184,0.0,0.926481621627346,0.9734519105634615,0.9499667660954038,0.3966820587714513,0.08427806074420612,0.2674403116106987,0,77.27673471839482,0.8349213530931457,0.2893866587252493,77.51662233146867,1312,806,0.0,1.6083959896778496e-05,8.145033635316128e-06,1.793892626146237e-06
79,joint_lora,0.3945501991547644,0.059095156379044056,0.26820107898674905,0.0,0.9282814183043179,0.9741963692905186,0.9512388937974182,0.3937351703643799,0.08532997220754623,0.26530439654986065,0,76.47032239349275,0.8356585248067143,0.30625207693685935,76.73266216872923,1328,815,0.0,1.567407083264276e-05,7.950875657567622e-06,1.7723195175075141e-06
80,joint_lora,0.3929224908351898,0.05746512743644416,0.26721782982349396,0.0,0.9268129466519011,0.9736312932606771,0.950222119956289,0.39509110649426776,0.08367806300520897,0.266390989224116,0,77.19894328931738,0.8323716472245548,0.2883927814382071,77.42442413138163,1296,804,0.0,1.5250000000000001e-05,7.75e-06,1.7500000000000006e-06
81,joint_lora,0.39100499637424946,0.058813825831748545,0.26576898572966456,0.0,0.9247560859048165,0.972947650505238,0.9488518682050273,0.3953462342421214,0.08822240680456161,0.2661639029781024,0,77.43943259974328,0.8337740974187572,0.2849854454238916,77.51758166365018,1289,805,0.0,1.4812909747525695e-05,7.542957248827961e-06,1.7269952498697738e-06
82,joint_lora,0.3958507440984249,0.06095257686683908,0.2689373646862805,0.0,0.9240147096698474,0.9726036414265383,0.9483091755481929,0.4027460763851802,0.08763684518635273,0.2713446070750554,0,76.56945117044475,0.8314157313307302,0.300026707921835,76.69389048634069,1317,817,0.0,1.4363998109220104e-05,7.3303148938411025e-06,1.7033683215379007e-06
83,joint_lora,0.39290276588872075,0.059246242977678776,0.2670458520296961,0.0,0.9260798537410182,0.9734417008215984,0.9497607772813084,0.3962518274784088,0.08640541446705659,0.26695304612318677,0,77.19359010393575,0.833225666417551,0.2893538643388363,77.27690023025083,1300,811,0.0,1.3904495520680355e-05,7.112655772953854e-06,1.6791839747726508e-06
84,joint_lora,0.38332616025581956,0.05455767677631229,0.2608252551872283,0.0,0.9260356329319883,0.9732474469183232,0.9496415399251558,0.39737864832083386,0.0842556885133187,0.2679251010219256,0,77.82672019282897,0.834607283134681,0.2780728792781016,78.06871068477795,1299,813,0.0,1.3435661446562001e-05,6.890576474687265e-06,1.6545084971874742e-06
85,joint_lora,0.38323377817869186,0.0561537952744402,0.26061936211772263,0.0,0.9269153670827297,0.9737289632317742,0.950322165157252,0.392887219786644,0.08646281622350216,0.2646160100897153,0,77.35312484294286,0.8364184705647835,0.2893559737059262,77.4980272508186,1304,810,0.0,1.2958780928473948e-05,6.664685702961345e-06,1.629409522551261e-06
86,joint_lora,0.3901870995759964,0.05946315877372399,0.2651444058865309,0.0,0.9278181024032822,0.9740629762270401,0.9509405393151611,0.3869629104932149,0.08436841207245986,0.2606961677471797,1,76.96411086747153,0.837340285843677,0.29805806849424654,77.23050067722998,1308,819,0.0,1.2475161062768713e-05,6.4356026086799176e-06,1.6039558454088802e-06
87,joint_lora,0.38246376952156425,0.05526384018594399,0.2601647889241576,0.0,0.9259244693411203,0.9734605286641554,0.9496924990026379,0.39709367354710895,0.08897487384577592,0.2673081358273824,0,76.09271690060251,0.834654078262917,0.312799740250867,76.33590245312713,1335,819,0.0,1.1986127417882194e-05,6.20395509268104e-06,1.5782172325201162e-06
88,joint_lora,0.39630233915522695,0.06232256273506209,0.269128586165607,0.0,0.9211573104229669,0.9716069206021182,0.9463821155125425,0.4112224231163661,0.09170358814299107,0.2768579100569089,0,76.37051868397943,0.8283179768670521,0.3009076031874636,76.4903613373766,1320,814,0.0,1.1493020401042709e-05,5.970378084704442e-06,1.5522642316338274e-06
89,joint_lora,0.3796261823736131,0.05674561741761863,0.2580664185807109,0.0,0.9246943725280883,0.972973607726859,0.9488339901274736,0.39603228867053986,0.08938369651635487,0.2665361712376277,0,76.77959196691168,0.8327084065808293,0.2971165672425958,76.97995660179039,1310,820,0.0,1.0997191584307966e-05,5.7355118030932474e-06,1.5261679781214726e-06
90,joint_lora,0.3790033054538071,0.05383013468235731,0.2578938521910459,0.0,0.9262471874862132,0.9734725554245602,0.9498598714553868,0.39101530114809674,0.08708325090507667,0.2632634863257408,0,76.91991223299331,0.836619169400631,0.29822092474076456,77.0972269103441,1303,817,0.0,1.0500000000000003e-05,5.5000000000000016e-06,1.5000000000000009e-06
91,joint_lora,0.3747575548477471,0.054920708760619164,0.2548542886506766,0.0,0.9281830975120955,0.9740803822130621,0.9511317398625788,0.38428818186124164,0.08409861599405606,0.2588663548231125,1,78.24213505732052,0.8382613765884254,0.2734186754420147,78.43436441927024,1285,813,0.0,1.0002808415692036e-05,5.264488196906754e-06,1.4738320218785288e-06
92,joint_lora,0.39196879509836435,0.061435986252035946,0.26620390824973583,0.0,0.9264665570175439,0.9734993879973385,0.9499829725074411,0.3904338131348292,0.08538644947111607,0.26301128913958866,0,77.60699839843906,0.8362600169650265,0.28412004899624554,77.83944769149218,1299,810,0.0,9.506979598957295e-06,5.02962191529556e-06,1.447735768366174e-06
93,joint_lora,0.3732237652875483,0.051419424766208977,0.25410245545208454,0.0,0.9247237738402915,0.9729553457952268,0.9488395598177591,0.39019423723220825,0.08825865015387535,0.2625899488727252,0,77.19949958159505,0.8364168739686921,0.29242688233679115,77.2836089253515,1294,813,0.0,9.013872582117808e-06,4.796044907318961e-06,1.4217827674798852e-06
94,joint_lora,0.3824281506240368,0.05596996005624533,0.2600773402955383,0.0,0.9234981382452941,0.9725073673221465,0.9480027527837203,0.3954747716585795,0.08916946935156982,0.266168807943662,0,76.47174172987667,0.8332232864190043,0.3037884518214708,76.66384298597153,1305,822,0.0,8.524838937231286e-06,4.564397391320083e-06,1.396044154591121e-06
95,joint_lora,0.3778504584915936,0.054832156049087644,0.25700577767565846,0.0,0.9229910233188751,0.9721672364479745,0.9475791298834249,0.3976772526899974,0.08766077769299348,0.26782939334710437,0,77.25128573524685,0.834503550739013,0.2894778360340758,77.41252436367466,1301,809,0.0,8.041219071526054e-06,4.335314297038658e-06,1.3705904774487404e-06
96,joint_lora,0.3889723247848451,0.05900812579784542,0.26434291736222804,0.0,0.9240491302361055,0.972528579423756,0.9482888548299307,0.3967869132757187,0.08771213889122009,0.2672077640891075,0,76.85078242340407,0.8332802695898123,0.29626462112173085,76.98934252986116,1306,816,0.0,7.564338553438001e-06,4.109423525312738e-06,1.345491502812527e-06
97,joint_lora,0.37575220689177513,0.052416581427678466,0.255766230635345,0.0,0.9235376785357022,0.972357339680979,0.9479475091083407,0.3969723929961522,0.08695244354506333,0.2674038310845693,0,76.68210994095585,0.8332641196791131,0.29962192085999617,76.84768341258875,1317,822,0.0,7.095504479319648e-06,3.88734422704615e-06,1.3208160252273503e-06
98,joint_lora,0.38278162758797407,0.0562682801974006,0.26029581227339804,0.0,0.9257764358151566,0.9732956902864249,0.9495360630507907,0.3893505434195201,0.0875462790330251,0.2620685299237569,0,76.5675502610477,0.8370578673996074,0.3057068621786533,76.651463920308,1312,821,0.0,6.6360018907799e-06,3.6696851061589014e-06,1.2966316784621004e-06
99,joint_lora,0.3821319262497127,0.05518533126451075,0.25994177535176277,0.0,0.925625505228298,0.9731624102019891,0.9493939577151436,0.3927487184604009,0.08673131900529067,0.26449615756670636,0,76.98863897094432,0.8365513595365104,0.2967785801176241,77.06648121410348,1305,816,0.0,6.1870902524743065e-06,3.4570427511720416e-06,1.273004750130227e-06
100,joint_lora,0.3822832186706364,0.05629890668205917,0.2599476531613618,0.0,0.9269878371551528,0.9736948810857842,0.9503413591204685,0.3848056097825368,0.08578235097229481,0.2590753187735875,0,77.41239518054594,0.8379664215806838,0.2897185179697649,77.49730598255861,1296,820,0.0,5.7500000000000025e-06,3.2500000000000028e-06,1.2500000000000005e-06
101,joint_lora,0.37927179178223014,0.057422634097747505,0.2577606241684407,0.0,0.9245949378853124,0.9728173772231063,0.9487061575542094,0.3952847172816594,0.0884321058789889,0.2661026269197464,0,76.83681448193934,0.8341583145116054,0.29742202487281855,77.09568188756806,1307,817,0.0,5.325929167357246e-06,3.0491243424323813e-06,1.227680482492487e-06
102,joint_lora,0.3823829609900713,0.05818433332024142,0.2598492035176605,0.0,0.9258570919197199,0.9732079505701587,0.9495325212449393,0.3906373778978984,0.08599492100377877,0.2630982870856921,0,77.02621080339304,0.8347347851154381,0.29421056904757725,77.24208193996738,1309,817,0.0,4.916040103221506e-06,2.8549663646838734e-06,1.2061073738537638e-06
103,joint_lora,0.3884782609529793,0.06153646920574829,0.26377576985396445,0.0,0.9264910760587376,0.9733764199811827,0.9499337480199601,0.3841058264176051,0.08416947660346825,0.2587336724003156,1,76.89221809876996,0.838121810245912,0.3002774482705129,77.05995487978721,1316,824,0.0,4.521456285026546e-06,2.668058240275734e-06,1.1853398044750816e-06
104,joint_lora,0.3779077506624162,0.05532855604542419,0.25700136716477573,0.0,0.9277122135000143,0.9740339315978344,0.9508730725489243,0.3826998919248581,0.08657939732074738,0.2575450564424197,1,77.17885400757923,0.8388888343989295,0.2953117542473448,77.34957238631172,1314,820,0.0,4.143259239590851e-06,2.488912271385141e-06,1.1654346968205712e-06
105,joint_lora,0.37485135486349463,0.054621956194750965,0.2549458520952612,0.0,0.9267812883067821,0.973598531222549,0.9501899097646656,0.38348443309466046,0.08574649877846241,0.25816282878319424,0,76.9430677851984,0.8386442843773986,0.29978292867343087,77.09008730743437,1308,822,0.0,3.7824855787278e-06,2.318019484660538e-06,1.1464466094067263e-06
106,joint_lora,0.38507878221571445,0.05832941737025976,0.26170471822842956,0.0,0.9255803176991085,0.9731878899322026,0.9493841038156556,0.38737597068150836,0.08690876886248589,0.2607566565275192,0,77.33305407455259,0.8371307460125916,0.2904696645215398,77.43312654342398,1299,818,0.0,3.4401241579647576e-06,2.155848285351728e-06,1.128427587261303e-06
107,joint_lora,0.3804910178296268,0.05733290879288688,0.25861361785791814,0.0,0.9232477455256478,0.9722897284842464,0.9477687370049471,0.39589715003967285,0.08806699700653553,0.26655954619248706,0,77.20797233100379,0.8341826115947591,0.29002316497468333,77.39055179849736,1299,811,0.0,3.1171133661587778e-06,2.002843173443632e-06,1.1114270192715146e-06
108,joint_lora,0.37284682178869843,0.05484220042126253,0.2535369808319956,0.0,0.9256502277201444,0.9731391759005866,0.9493947018103654,0.38432111342748004,0.08586165929834048,0.2587324803074201,0,77.61981459523957,0.8381498041711032,0.28575351226631174,77.75994138888689,1297,813,0.0,2.8143385534380015e-06,1.859423525312738e-06,1.0954915028125263e-06
109,joint_lora,0.37846683198586106,0.05716280703200027,0.25722582056187093,0.0,0.9253661394258934,0.9730165178517586,0.949191328638826,0.3854050834973653,0.08560527053972085,0.2595065434773763,0,77.75548964791024,0.8378740098722067,0.282764216914002,77.83946870411661,1292,813,0.0,2.5326296045184735e-06,1.7259824442455929e-06,1.080664716027288e-06
110,joint_lora,0.3779355022124946,0.05889519740594551,0.25670358911156654,0.0,0.9266961520801408,0.9735680111796541,0.9501320816298975,0.38162436087926227,0.0855551144729058,0.2568906669815381,1,77.24621920914879,0.8392461376066604,0.2943217534236847,77.37728470533658,1307,821,0.0,2.2727586640478333e-06,1.6028856829700262e-06,1.0669872981077807e-06
111,joint_lora,0.3734678323380649,0.054717989172786474,0.2539784284308553,0.0,0.9248756190552178,0.9728663022728155,0.9488709606640167,0.3905919889609019,0.08697448360423247,0.26297976573308307,0,77.38616965674407,0.8358478032554157,0.28812441012053414,77.46141167490498,1305,819,0.0,2.0354380202105066e-06,1.4904706411523453e-06,1.0544967379058161e-06
112,joint_lora,0.37636932637542486,0.055460874165873975,0.25592335872352123,0.0,0.9248765712357385,0.972909704600174,0.9488931379179563,0.3908340980609258,0.087690989797314,0.26308388262987137,0,77.61491355026877,0.8357943941156126,0.2834961231102376,77.71281515405454,1293,815,0.0,1.8213181523952912e-06,1.389045440608296e-06,1.0432272711786996e-06
113,joint_lora,0.38020389387384057,0.05813342047622427,0.25834346772171557,0.0,0.9253017612051846,0.9730935391343193,0.9491976501697519,0.3890434155861537,0.0878128247956435,0.26183197150627774,0,77.43860399959685,0.8375030705999653,0.2887309906080283,77.53766241541508,1293,815,0.0,1.6309859482765838e-06,1.2988880807625924e-06,1.0332097867513992e-06
114,joint_lora,0.38871342316269875,0.06276613037334755,0.2638294610660523,0.0,0.9253177555686241,0.9730879360990586,0.9492028458338413,0.38799459238847095,0.08760613699754079,0.2611234237750371,0,76.89379091317353,0.8362245952991488,0.29834877703567814,77.0389533417457,1313,824,0.0,1.4649630951960416e-06,1.2202456766718092e-06,1.0244717418524232e-06
115,joint_lora,0.38307229802012444,0.057364254782442003,0.2603998559061438,0.0,0.9250078852847953,0.9729514261550387,0.948979655719917,0.39038504163424176,0.08789153024554253,0.2627548227707545,0,76.80925932706643,0.835409502329164,0.2992243157878355,76.95414781798219,1309,823,0.0,1.3237046502538512e-06,1.1533337816991927e-06,1.0170370868554658e-06
116,joint_lora,0.3787299944087863,0.05592508357949555,0.2575182232540101,0.0,0.9249997551332239,0.9730018545854566,0.9490008048593402,0.38881949086983997,0.08864536136388779,0.261602779229482,0,76.4672251438309,0.8348541937193685,0.3055096908427505,76.71837050960754,1310,821,0.0,1.2075977930288462e-06,1.0983357966978744e-06,1.0109261996330972e-06
117,joint_lora,0.38063198840245605,0.055934405070729554,0.25883562210947275,0.0,0.925346062752278,0.9730454329180898,0.9491957478351839,0.38622041046619415,0.08707132376730442,0.25994131217400235,0,76.65075189655701,0.8369541084120935,0.3039390704809535,76.84324686764263,1303,812,0.0,1.1169607643461924e-06,1.0554024673218806e-06,1.0061558297024313e-06
118,joint_lora,0.38158664060756564,0.05833622446516529,0.25928379129618406,0.0,0.9254211828799607,0.9730776186422362,0.9492494007610984,0.3876860539118449,0.08698872414728005,0.2609644631544749,0,76.89039207846015,0.835634296020709,0.29782645445150585,77.12351983646742,1303,812,0.0,1.0520419940014028e-06,1.0246514708427697e-06,1.0027390523158634e-06
119,joint_lora,0.3819417846389115,0.059785360761452466,0.2594011314213276,0.0,0.9256861983290291,0.9732423444909283,0.9494642714099787,0.3853927105665207,0.0876112983872493,0.25931966801484424,0,76.29645809586384,0.8380802805902635,0.3121511186729869,76.44201059681667,1315,817,0.0,1.0130194198315487e-06,1.0061670936044177e-06,1.000685232622713e-06
120,joint_lora,0.3815588946454227,0.0589678201940842,0.259208423551172,0.0,0.9254492690192184,0.9731739265339511,0.9493115977765847,0.38803934554258984,0.08800660818815231,0.2611188516020775,0,76.61122566090228,0.8350962223358949,0.3028717091178491,76.8028646980084,1304,812,0.0,1e-06,1e-06,1e-06
